{"mean_reward": -0.21499604368582367, "std_reward": 0.14892021545724424, "is_deterministic": true, "n_eval_episodes": 10, "eval_datetime": "2024-04-28T00:49:50.508685"}